,iteration,nbr_bike_lanes,nbr_none_bike_lanes,modal_share_car,modal_share_bike,index_removed,flow_of_removed_edge,average_bi_coef
0,0,76.0,0.0,,,,,
1,0,75.0,1.0,84.58011592561277,15.419884074387227,[56],0.0,1.1013157894736842
2,1,74.0,2.0,83.36975608434753,16.63024391565247,[37],0.0,1.0986842105263157
3,2,73.0,3.0,84.41241680696099,15.587583193039015,[60],0.0,1.1013157894736842
4,3,72.0,4.0,83.41603518765434,16.583964812345663,[66],0.0,1.0986842105263157
5,4,71.0,5.0,84.43708407036456,15.562915929635443,[38],0.0,1.1013157894736842
6,5,70.0,6.0,83.55710494978517,16.44289505021482,[75],0.0,1.1013157894736842
7,6,69.0,7.0,84.3948402246979,15.605159775302106,[7],4.630835291253831e-36,1.106578947368421
8,7,68.0,8.0,83.73769357565637,16.26230642434363,[35],5.052596281216218e-36,1.1013157894736842
9,8,67.0,9.0,84.38766094026279,15.612339059737208,[5],8.879645288190325,1.106578947368421
10,9,66.0,10.0,83.75167136045705,16.24832863954295,[2],8.880073875314732,1.1013157894736842
11,10,65.0,11.0,84.37817693289122,15.621823067108787,[54],21.060831019938092,1.106578947368421
12,11,64.0,12.0,83.76267227195116,16.237327728048836,[18],21.058974125470716,1.0986842105263157
13,12,63.0,13.0,84.36062896659988,15.639371033400126,[8],383.24330504465735,1.106578947368421
14,13,62.0,14.0,83.77799733645081,16.22200266354919,[6],405.3281002400354,1.1164473684210527
15,14,61.0,15.0,84.379756787599,15.620243212400995,[64],487.9452220063537,1.142105263157895
16,15,60.0,16.0,83.83010804879548,16.169891951204526,[62],4.235358094799592e-70,1.1506578947368422
17,16,59.0,17.0,84.55362935364221,15.446370646357794,[50],630.9689679565848,1.1618421052631578
18,17,58.0,18.0,83.99891683392022,16.001083166079788,[55],686.1578700252709,1.1875
19,18,57.0,19.0,84.69983633816909,15.300163661830915,[57],914.470048189764,1.1973684210526319
20,19,56.0,20.0,84.0541224277573,15.945877572242695,[45],1096.6450755408405,1.2203947368421053
21,20,55.0,21.0,84.74209392856571,15.257906071434288,[41],1043.9857835847354,1.230263157894737
22,21,54.0,22.0,84.1879521094506,15.812047890549394,[44],1118.5513190800757,1.2572368421052633
23,22,53.0,23.0,84.90817615482142,15.09182384517858,[1],1175.0012401174554,1.2815789473684212
24,23,52.0,24.0,84.35631823817239,15.643681761827605,[11],1197.1899559708402,1.293421052631579
25,24,51.0,25.0,84.92736081575585,15.072639184244146,[9],1193.5757269196738,1.3085526315789473
26,25,50.0,26.0,84.38282337163079,15.61717662836922,[15],1119.8347691112185,1.3315789473684212
27,26,49.0,27.0,84.9465607299204,15.053439270079608,[13],828.2160310780772,1.3414473684210526
28,27,48.0,28.0,84.75885624826313,15.241143751736876,[3],1298.166713568552,1.361842105263158
29,28,47.0,29.0,85.14485718929829,14.855142810701704,[4],1420.2302129819914,1.3710526315789473
30,29,46.0,30.0,84.83562448948535,15.164375510514647,[12],1506.0969596514533,1.392763157894737
31,30,45.0,31.0,85.19440209622121,14.805597903778784,[23],839.9812395845684,1.405263157894737
32,31,44.0,32.0,85.21638123348073,14.783618766519272,[14],1466.4744601955122,1.4256578947368421
33,32,43.0,33.0,85.5104675754851,14.48953242451491,[69],1512.457159468565,1.4328947368421054
34,33,42.0,34.0,85.28030457029618,14.71969542970381,[65],1570.1121838808406,1.4625000000000001
35,34,41.0,35.0,85.64180294764353,14.358197052356475,[20],1646.7736451655358,1.480263157894737
36,35,40.0,36.0,85.45641170277042,14.543588297229586,[17],1744.0537147489956,1.505921052631579
37,36,39.0,37.0,85.75306400660037,14.246935993399635,[74],1790.009022141496,1.5157894736842106
38,37,38.0,38.0,86.09954729840342,13.90045270159658,[67],1698.1111283765913,1.5190789473684212
39,38,37.0,39.0,86.29446729359658,13.705532706403412,[39],1774.5618775497796,1.5407894736842105
40,39,36.0,40.0,86.74533631841281,13.254663681587186,[46],1699.609868764255,1.5374999999999999
41,40,35.0,41.0,86.87412329337255,13.125876706627446,[36],1675.3551544463035,1.5552631578947367
42,41,34.0,42.0,86.99549089336958,13.004509106630435,[33],1704.3770852273396,1.5782894736842106
43,42,33.0,43.0,87.11645896681759,12.883541033182425,[28],1762.9554521907025,1.5953947368421053
44,43,32.0,44.0,87.43790099740785,12.56209900259215,[29],2.2407890725621714e-13,1.6151315789473684
45,44,31.0,45.0,87.5626071478566,12.437392852143404,[48],1712.5576970548798,1.625
46,45,30.0,46.0,87.75051079330174,12.249489206698257,[16],1735.839638371371,1.6467105263157893
47,46,29.0,47.0,87.91823361052829,12.081766389471706,[22],1577.9282681108346,1.674342105263158
48,47,28.0,48.0,87.99781944041301,12.002180559587,[43],1734.761129676715,1.6947368421052629
49,48,27.0,49.0,88.21825723246893,11.781742767531068,[31],1566.8310299144052,1.7098684210526314
50,49,26.0,50.0,88.29348742765372,11.70651257234627,[76],1843.8208755915532,1.726315789473684
51,50,25.0,51.0,88.30298837184955,11.697011628150458,[47],1845.2456950227888,1.7381578947368421
52,51,24.0,52.0,88.36562542681149,11.634374573188499,[19],1797.7326595921957,1.765131578947368
53,52,23.0,53.0,88.56187896395859,11.438121036041405,[73],1826.4748253382804,1.7848684210526315
54,53,22.0,54.0,88.63077796007968,11.369222039920308,[70],1862.5076244366169,1.8269736842105262
55,54,21.0,55.0,88.6731963323458,11.32680366765421,[10],1927.5530819036442,1.8289473684210527
56,55,20.0,56.0,88.74013157317641,11.259868426823575,[72],1892.8112336426943,1.8677631578947367
57,56,19.0,57.0,88.83096285076356,11.16903714923644,[71],2260.679582005281,1.8631578947368421
58,57,18.0,58.0,88.8457554186962,11.154244581303786,[40],2280.5287634246683,1.8993421052631578
59,58,17.0,59.0,88.96819191816293,11.03180808183707,[42],2382.3259146674127,1.9124999999999999
60,59,16.0,60.0,89.0213375310394,10.978662468960582,[34],2488.875333580913,1.9453947368421052
61,60,15.0,61.0,89.14107992093976,10.858920079060251,[52],2823.3038551073023,1.9651315789473685
62,61,14.0,62.0,89.1860991186988,10.813900881301192,[21],2780.2061220360424,2.001973684210526
63,62,13.0,63.0,89.30255272440297,10.697447275597026,[25],2160.3014040326516,2.0085526315789473
64,63,12.0,64.0,89.33599257201396,10.664007427986046,[24],3143.397595304828,2.0315789473684207
65,64,11.0,65.0,89.4493659859233,10.550634014076705,[26],3185.1528859461223,2.0460526315789473
66,65,10.0,66.0,89.49258834419342,10.507411655806582,[63],3770.8734015543537,2.0578947368421048
67,66,9.0,67.0,89.54693764933683,10.453062350663163,[59],3782.8517858459754,2.068421052631579
68,67,8.0,68.0,89.68583687582988,10.314163124170113,[53],3300.9392885086986,2.100657894736842
69,68,7.0,69.0,89.71689913598992,10.283100864010091,[30],3627.8736080257486,2.107894736842105
70,69,6.0,70.0,89.85720479994393,10.142795200056064,[32],3629.846680884493,2.1335526315789473
71,70,5.0,71.0,89.90898824446847,10.091011755531524,[68],4328.194058470975,2.1434210526315787
72,71,4.0,72.0,89.99346935906642,10.006530640933581,[61],4261.9003082352065,2.1592105263157895
73,72,3.0,73.0,90.07611058461517,9.92388941538483,[58],3874.9079664167293,2.170394736842105
74,73,2.0,74.0,90.17910257439291,9.82089742560709,[49],4262.500972449198,2.194736842105263
75,74,1.0,75.0,90.16358548409148,9.836414515908503,[27],4965.834181165796,2.191447368421053
76,75,0.0,76.0,90.29931557006869,9.700684429931313,[51],4714.001973206199,2.211842105263158
