id,x,y,centroid,geometry,elevation
1,-0.9850145475990636,-3.092454727382145,1,POINT (83514.38281 450414.25),0.0
2,-0.958774559897232,-3.1101304149846087,1,POINT (87433.92969 447491.8438),0.0
3,-0.96360538524331,-3.1415527753200228,1,POINT (86444.21094 442695.5313),0.0
4,-0.9775502696665634,-3.142258230216234,1,POINT (84281.92969 442695.5313),0.0
5,-0.9968558495986176,-3.12716220742936,1,POINT (81413.66406 445168.9375),0.0
6,-1.0021739758429458,-3.107981189022892,1,POINT (80740.95313 448160.9063),0.0
7,-0.9962397264684588,-3.0956752432131944,1,POINT (81754.23438 450006.8125),0.0
8,-0.9808925652429475,-3.09907132922328,1,POINT (84100.17969 449364.6563),0.0
9,-0.9745536795989131,-3.105898713558939,1,POINT (85027.17188 448265.3125),0.0
10,-0.979175335730014,-3.1087289090103254,1,POINT (84290.72656 447866.0625),0.0
11,-0.977170236873997,-3.111135218308309,1,POINT (84582.0625 447480.3438),0.0
12,-0.98311593797394,-3.112827316703833,1,POINT (83649.67969 447266.4688),0.0
13,-0.9879063139115964,-3.114545241997159,1,POINT (82895.6875 447039.6563),0.0
14,-0.9677148009771728,-3.117912713803985,1,POINT (85991.51635 446364.2945),0.0
15,-0.9864553232144464,-3.124276151339793,1,POINT (83044.39844 445531.5313),0.0
16,-0.97862507126151,-3.122543109066276,1,POINT (84268.64844 445737),0.0
17,-0.9758042784133962,-3.120540076560522,1,POINT (84720.35156 446023.125),0.0
18,-0.9699230691169098,-3.12030921411902,1,POINT (85631.52344 446012.8438),0.0
19,-0.9857004639086052,-3.13517831834666,1,POINT (83076.39418 443848.4508),0.0
20,-0.9758951650460672,-3.132136568822938,1,POINT (84616.39844 444239.9063),0.0
21,-0.9711518309390476,-3.130753430012824,1,POINT (85360.65625 444415.75),0.0
22,-0.9665837971760728,-3.129929905243619,1,POINT (86073.45313 444506.9063),0.0
23,-0.9704777694087122,-3.096609300984046,1,POINT (85729.1875 449662.125),0.0
24,-0.9619633026104158,-3.1168091852591537,1,POINT (86889.34375 446489.3438),0.0
25,-0.961090195815546,-3.122835275212386,1,POINT (86977.80469 445555.625),0.0
4874,-0.9846169687317136,-3.1092262636833063,0,POINT (83445.57813 447832.0313),0.0
4886,-0.9847863506341192,-3.109488850658301,0,POINT (83417.35156 447792.9688),0.0
5001,-0.9782704866820572,-3.098681506950182,0,POINT (84508.53125 449404.1563),0.0
5002,-0.981338954316175,-3.103762142126238,0,POINT (83994.77344 448646.7813),0.0
5004,-0.9741982245556436,-3.1105596073967834,0,POINT (85046.01563 447545.7188),0.0
5005,-0.9739833533953376,-3.1102734112202866,0,POINT (85081.45313 447588.0625),0.0
5008,-0.96674711952838,-3.114810266138928,0,POINT (86165.13281 446833.9688),0.0
5009,-0.9666205167287156,-3.1147108145038107,0,POINT (86185.47656 446848.2813),0.0
5010,-0.965621220774088,-3.121769802836757,0,POINT (86285.40625 445754.7188),0.0
5011,-0.9791163361209118,-3.116629416402024,0,POINT (84238.5625 446650.4688),0.0
5012,-0.9813684882924548,-3.109075833882844,0,POINT (83948.96875 447829.8125),0.0
5013,-0.9917816652303704,-3.1155244727411464,0,POINT (82288.89063 446919.3438),0.0
5014,-0.9809222563318956,-3.094306209961568,0,POINT (84132.5625 450097.625),0.0
5015,-0.9807627539651604,-3.0942375568440994,0,POINT (84157.75 450106.9375),0.0
5016,-0.9862677933522064,-3.115230817817871,0,POINT (83143.69531 446921.4063),0.0
5017,-0.9726284043247932,-3.1135103749451,0,POINT (85265.86719 447079.6563),0.0
5018,-0.9769801226351656,-3.1330123649316595,0,POINT (84441.82031 444113.625),0.0
5019,-0.98009935615849,-3.131556239732737,0,POINT (83970.73438 444361.9688),0.0
5021,-0.9894820546097484,-3.134193043719575,0,POINT (82499.22656 444029.5938),0.0
5022,-0.9903106034918172,-3.118745276550546,0,POINT (82491.28125 446412.4375),0.0
5023,-0.9852531478234072,-3.1426997479401284,0,POINT (83087.11719 442687.7188),0.0
5024,-0.9851500381353387,-3.142547266579027,0,POINT (83104.25 442710.375),0.0
5025,-0.9994191493867968,-3.114939474962877,0,POINT (81112.59375 447069.125),0.0
5026,-0.9995760262208246,-3.1132354849574764,0,POINT (81101.625 447332.4375),0.0
5027,-0.9766038710118272,-3.1106617492762,0,POINT (84673.29688 447548.75),0.0
5028,-0.9750183055963564,-3.127749396656034,0,POINT (84786.00781 444908),0.0
5259,-0.9850350295637004,-3.115841327432752,0,POINT (83329.55469 446817.875),0.0
5416,-0.9932551936820956,-3.1212133158232422,0,POINT (82016.77344 446055.8438),0.0
5504,-0.9887297605716978,-3.123285147786365,0,POINT (82700.40625 445701.75),0.0
5559,-0.9790533769532176,-3.1242487357269524,0,POINT (84189.1875 445477.9688),0.0
5660,-0.9861484576144256,-3.1276924849132945,0,POINT (83065.29688 445003.5938),0.0
5857,-0.9827228114369904,-3.132405750826174,0,POINT (83558.42969 444251.75),0.0
5984,-0.9885788889449264,-3.1366071113482024,0,POINT (82620.125 443651.125),0.0
6358,-0.9828584994356,-3.126481724321022,0,POINT (83583.45313 445164.1563),0.0
6421,-0.9931871380886992,-3.096715456008853,0,POINT (82217.99219 449822.9688),0.0
6447,-0.9812037358949812,-3.105459136252144,0,POINT (84002.50781 448384.75),0.0
6448,-0.9825121425127712,-3.099751765511896,0,POINT (83844.53906 449272.6563),0.0
6449,-0.9808074536236132,-3.096770616207899,0,POINT (84131.1875 449717.7813),0.0
6451,-0.9839206880042444,-3.0985952077954484,0,POINT (83635.78125 449461.5),0.0
6453,-0.981624159086172,-3.101172494685135,0,POINT (83970.78125 449047.25),0.0
6454,-0.9804791114472764,-3.100204017213537,0,POINT (84155.30469 449187.25),0.0
6455,-0.9796294429182718,-3.099504339539736,0,POINT (84292.07813 449288.2188),0.0
6457,-0.9793272955747064,-3.0981339601480635,0,POINT (84349.41406 449496.5938),0.0
6458,-0.9785461135296544,-3.0987462833025736,0,POINT (84465.42188 449396.3438),0.0
6459,-0.9792761009891202,-3.0965897206849373,0,POINT (84369.30469 449733.6563),0.0
6460,-0.979080201873264,-3.09713174371316,0,POINT (84395.38281 449648.7813),0.0
6461,-0.9777432374693048,-3.0981881918877554,0,POINT (84593.85938 449475.9063),0.0
6462,-0.9769583933546052,-3.099908890077514,0,POINT (84701.84375 449205.1875),0.0
6463,-0.9776291116329212,-3.099168829848909,0,POINT (84603.89844 449324.2188),0.0
6464,-0.981856527150876,-3.0982000542090047,0,POINT (83957.92969 449506.1563),0.0
6465,-0.9801243714138322,-3.100761121528286,0,POINT (84205.82031 449098.8125),0.0
6466,-0.9810804297562622,-3.10214287943482,0,POINT (84047.30469 448893.7813),0.0
6467,-0.9790119516744982,-3.102027823172505,0,POINT (84367.96094 448895.3438),0.0
6468,-0.9792510362866826,-3.1021689828770262,0,POINT (84329.90625 448875.5),0.0
6469,-0.9801313732594006,-3.103040474482396,0,POINT (84187.05469 448748.3438),0.0
6472,-0.9792956602400223,-3.1038389622499456,0,POINT (84310.05469 448619.0313),0.0
6473,-0.9783440701185724,-3.104887609712863,0,POINT (84449.03125 448450.3438),0.0
6474,-0.9814089614703772,-3.102122967142935,0,POINT (83996.67188 448899.4063),0.0
6476,-0.98152968909664,-3.106167767791092,0,POINT (83946.61719 448278.3125),0.0
6477,-0.9820349794164168,-3.107598098744611,0,POINT (83857.39844 448062.2813),0.0
6478,-0.9831283018862406,-3.1081148277135213,0,POINT (83684.35938 447991.3438),0.0
6479,-0.9755769427910504,-3.1027566030600435,0,POINT (84893.32813 448756.5),0.0
6480,-0.9776525948881498,-3.106335510787961,0,POINT (84544.70313 448222.2813),0.0
6483,-0.9758815910055556,-3.1061021145496777,0,POINT (84820.30469 448244.375),0.0
6484,-0.9772670462409544,-3.1040958047939644,0,POINT (84621.67188 448563.7188),0.0
6485,-0.9766239274856404,-3.107501338371084,0,POINT (84694.69531 448034.9688),0.0
6486,-0.9782167946482774,-3.1088060914363256,0,POINT (84438.32031 447846.7188),0.0
6487,-0.9792251429783836,-3.107527721601162,0,POINT (84292.34375 448051.1875),0.0
6488,-0.9799206936979588,-3.106480363048723,0,POINT (84192.9375 448217.6875),0.0
6490,-0.9835993170676316,-3.101779531834644,0,POINT (83660.73438 448969.3125),0.0
6491,-0.9893138916143984,-3.106691876997042,0,POINT (82739.13281 448258.5),0.0
6495,-0.9842055027164552,-3.108952199346636,0,POINT (83511.32031 447870.9688),0.0
6496,-0.9832589977719352,-3.1095261215356524,0,POINT (83653.19531 447775.3125),0.0
6497,-0.9825261205554102,-3.1099991358856034,0,POINT (83762.82813 447696.8438),0.0
6498,-0.982858151663742,-3.110309387426796,0,POINT (83709.08594 447651.7188),0.0
6499,-0.9833620380189612,-3.110104545374059,0,POINT (83632.77344 447687.1563),0.0
6500,-0.9758024265461728,-3.1084393110165958,0,POINT (84814.42969 447884.3125),0.0
6501,-0.9768535647941794,-3.109364453829411,0,POINT (84644.75 447750.2188),0.0
6502,-0.9809161444825728,-3.107330628184759,0,POINT (84032.44531 448094.6875),0.0
6503,-0.9794311487583566,-3.1082361350042005,0,POINT (84255 447943.8438),0.0
6505,-0.9789544366851596,-3.107908395614017,0,POINT (84331.24219 447990.5313),0.0
6507,-0.9776126013387212,-3.109144055226368,0,POINT (84529.10938 447790.0313),0.0
6508,-0.9804025907296549,-3.108386383283991,0,POINT (84103.64844 447928.3125),0.0
6509,-0.9802651315157804,-3.108616130017028,0,POINT (84123.11719 447891.9063),0.0
6510,-0.9805761460732988,-3.1103411291938947,0,POINT (84061.64844 447629.0313),0.0
6511,-0.9796140290224596,-3.1119259410005,0,POINT (84198.10156 447377.7813),0.0
6512,-0.9790088179374704,-3.11139115945127,0,POINT (84295.82031 447455.3125),0.0
6513,-0.9792693883086646,-3.110808430218916,0,POINT (84260.05469 447546.9688),0.0
6515,-0.9800459305785912,-3.1121512273755734,0,POINT (84129.57813 447346.5),0.0
6516,-0.9801481320601856,-3.11137435983866,0,POINT (84119.80469 447466.7813),0.0
6517,-0.9808101155448954,-3.111987004762632,0,POINT (84012.70313 447377.7188),0.0
6518,-0.9813049284579712,-3.1123853485956934,0,POINT (83933.10938 447320.3125),0.0
6521,-0.9796684793402872,-3.1131800904604523,0,POINT (84179.95313 447185.3125),0.0
6524,-0.982125450089804,-3.113068618689664,0,POINT (83800.94531 447221.625),0.0
6525,-0.9831250523769024,-3.1139527792831534,0,POINT (83639.53125 447093.4375),0.0
6527,-0.9796920794085237,-3.114210176851147,0,POINT (84168.3125 447027.0625),0.0
6528,-0.9791561907412368,-3.112741255647752,0,POINT (84262.5625 447248.8125),0.0
6529,-0.978422859557696,-3.1125092293537504,0,POINT (84377.74219 447278.7813),0.0
6530,-0.9780961421364176,-3.113283645921645,0,POINT (84422.25 447157.125),0.0
6531,-0.9776553299674569,-3.1130093626832585,0,POINT (84492.53125 447195.875),0.0
6532,-0.978085866465196,-3.1119925258519032,0,POINT (84433.85156 447355.625),0.0
6533,-0.9785274349677956,-3.112275996239376,0,POINT (84363.38281 447315.4688),0.0
6537,-0.9786282439779456,-3.113669023390304,0,POINT (84336.99219 447102),0.0
6538,-0.9790468791166402,-3.1128976474829626,0,POINT (84278.25 447223.9063),0.0
6539,-0.977735021459072,-3.1151400440905115,0,POINT (84463.6875 446868.7813),0.0
6540,-0.977300417506592,-3.1147431640411503,0,POINT (84533.96094 446926.4375),0.0
6541,-0.976445412639275,-3.113892625156349,0,POINT (84672.75 447050.5938),0.0
6542,-0.9762636588602052,-3.113337276852599,0,POINT (84705.15625 447134.5938),0.0
6543,-0.9754917759978238,-3.1126364221197487,0,POINT (84829.92969 447236.375),0.0
6546,-0.9750637779244548,-3.1133311519009363,0,POINT (84890.71875 447126.1875),0.0
6547,-0.9746469373898614,-3.114157287170494,0,POINT (84948.76563 446995.875),0.0
6549,-0.9743327886569876,-3.114348007371139,0,POINT (84995.85938 446964.0938),0.0
6550,-0.9736856006475996,-3.114963362421266,0,POINT (85091.15625 446864.4063),0.0
6551,-0.9808013003925348,-3.115156537068232,0,POINT (83989.46875 446890.1563),0.0
6552,-0.9804041492595575,-3.11575241350533,0,POINT (84046.25 446795.4063),0.0
6553,-0.9781866647482498,-3.1157098751143995,0,POINT (84389.4375 446784.6563),0.0
6555,-0.9769392071272625,-3.1125218104049672,0,POINT (84607.03125 447265.2813),0.0
6556,-0.9767687313772012,-3.113802339470268,0,POINT (84623.46094 447067),0.0
6558,-0.9771621466252188,-3.1142922201337977,0,POINT (84558.83594 446994.7188),0.0
6560,-0.9786069528760648,-3.110780535903285,0,POINT (84362.6875 447546.0938),0.0
6561,-0.9759906102583452,-3.111476331566272,0,POINT (84761.79688 447418.6875),0.0
6562,-0.975369505221345,-3.1116986439402754,0,POINT (84856.10156 447379.6563),0.0
6563,-0.9757737151225117,-3.11203506677838,0,POINT (84791 447331.0625),0.0
6566,-0.976970012617876,-3.11020850390213,0,POINT (84620.20313 447621.3125),0.0
6568,-0.9779541602535088,-3.110327664983279,0,POINT (84467.125 447610.6563),0.0
6572,-0.9771810521495572,-3.109679126200428,0,POINT (84591.67969 447704.375),0.0
6573,-0.977576191483606,-3.1099919437593573,0,POINT (84528.16406 447659.3438),0.0
6574,-0.9787396704293604,-3.110492035529861,0,POINT (84344.40625 447591.5),0.0
6575,-0.978081784582724,-3.1095835595491508,0,POINT (84453.16406 447726.0938),0.0
6576,-0.9756680529931572,-3.1080785441439898,0,POINT (84838 447938.75),0.0
6577,-0.9749586870385828,-3.107488303628928,0,POINT (84952.24219 448024),0.0
6578,-0.9755483649807658,-3.108243365531409,0,POINT (84855.22656 447912.4688),0.0
6579,-0.9746497318617928,-3.109105503796538,0,POINT (84987.47656 447772.875),0.0
6580,-0.9743206006409662,-3.108813311339119,0,POINT (85040.625 447815.25),0.0
6581,-0.9730388461710496,-3.1077468852669177,0,POINT (85247.04688 447969.2813),0.0
6582,-0.9717998919468934,-3.109147963377665,0,POINT (85427.74219 447744.1563),0.0
6583,-0.9739641922571556,-3.1096614579749327,0,POINT (85089.15625 447682.0313),0.0
6584,-0.9735219125553086,-3.110535320619809,0,POINT (85150.76563 447544.1875),0.0
6585,-0.9734075145080036,-3.110729869287934,0,POINT (85166.94531 447513.375),0.0
6586,-0.9732839331955948,-3.1110088835755567,0,POINT (85183.89063 447469.5),0.0
6587,-0.9735527690152171,-3.111012740982478,0,POINT (85142.29688 447471),0.0
6588,-0.9738717306133362,-3.111062008744243,0,POINT (85092.60156 447465.9063),0.0
6590,-0.9721340392680392,-3.1104721789522145,0,POINT (85365.82813 447543.0938),0.0
6593,-0.9748315978066076,-3.1077120849709767,0,POINT (84970.15625 447988.5938),0.0
6595,-0.9719990051863115,-3.106817877991291,0,POINT (85415 448104.0625),0.0
6596,-0.970155809656938,-3.105612928154313,0,POINT (85709.28125 448275.0313),0.0
6598,-0.9814294707644924,-3.09220956854563,0,POINT (84070.42969 450423.9688),0.0
6599,-0.9678810427434846,-3.1082532095476614,0,POINT (86040.53125 447851.2813),0.0
6600,-0.9693964720250228,-3.109501223814576,0,POINT (85796.58594 447671.125),0.0
6601,-0.971407382023598,-3.107796186823869,0,POINT (85498.89063 447949),0.0
6602,-0.971500965179965,-3.107860863709689,0,POINT (85483.92188 447939.7813),0.0
6603,-0.9758188743140058,-3.1017099394024075,0,POINT (84864.03906 448919.3438),0.0
6604,-0.9746909547355848,-3.103151467170336,0,POINT (85027.23438 448688.875),0.0
6605,-0.9744778780190576,-3.1036267429555267,0,POINT (85056.49219 448614.125),0.0
6606,-0.9729738608417206,-3.105787839294748,0,POINT (85272.26563 448270.0625),0.0
6607,-0.9734582863432386,-3.104902232352253,0,POINT (85204.23438 448410.0313),0.0
6608,-0.9705055293026958,-3.110258722430239,0,POINT (85619.25781 447563.25),0.0
6609,-0.9710551509946838,-3.1105142997208706,0,POINT (85532.30469 447528.2188),0.0
6610,-0.9680476590271464,-3.1125504585400106,0,POINT (85981.53125 447191.6563),0.0
6611,-0.9685397154371936,-3.1120860809903026,0,POINT (85909.04688 447266.9063),0.0
6612,-0.9706695559795462,-3.1116868675785976,0,POINT (85582.84375 447344.875),0.0
6614,-0.9725673364479902,-3.113047899927797,0,POINT (85278.89063 447150.3125),0.0
6615,-0.9695974569702508,-3.113513870452297,0,POINT (85734.46094 447055.5313),0.0
6617,-0.9651599540305495,-3.112704203999566,0,POINT (86426.8125 447145.5625),0.0
6618,-0.967043767112024,-3.113616373212194,0,POINT (86128.5 447019.9063),0.0
6620,-0.9707293417138,-3.1156843350808248,0,POINT (85542.65625 446730.5),0.0
6621,-0.9704209010016548,-3.1163840910676863,0,POINT (85584.92969 446620.4688),0.0
6623,-0.9693732161232446,-3.114976560069059,0,POINT (85757.8125 446828.8125),0.0
6626,-0.9722902265049602,-3.117313290954113,0,POINT (85288.70313 446492.0938),0.0
6627,-0.972613316918442,-3.116583613234922,0,POINT (85244.39844 446606.8438),0.0
6628,-0.9746740609819308,-3.117303138261012,0,POINT (84920.19531 446512.2188),0.0
6629,-0.974518037051374,-3.1175571187271176,0,POINT (84942.35156 446471.9375),0.0
6630,-0.9733647255903456,-3.1205619961549544,0,POINT (85097.39844 446000.75),0.0
6631,-0.9714516748001596,-3.11923443179264,0,POINT (85403.48438 446190.0625),0.0
6632,-0.9713716624462636,-3.1195316698664906,0,POINT (85413.55469 446143.7188),0.0
6633,-0.969608645470632,-3.11832976487897,0,POINT (85695.46094 446314.875),0.0
6634,-0.9679545388914031,-3.1142975384870875,0,POINT (85982.41406 446922.2188),0.0
6635,-0.96803349825398,-3.114093886232216,0,POINT (85971.78125 446954.1563),0.0
6637,-0.9702013923970764,-3.1168951284920188,0,POINT (85614.91406 446540.1563),0.0
6638,-0.968656827571342,-3.116137617176556,0,POINT (85859.59375 446644.6563),0.0
6640,-0.9700431340338882,-3.1173080844187178,0,POINT (85636.1875 446475.4063),0.0
6641,-0.9655986534449754,-3.117758919075423,0,POINT (86319.90625 446371.5),0.0
6642,-0.96574889590217,-3.117837211559966,0,POINT (86296.07031 446360.625),0.0
6644,-0.9641973797869005,-3.1208492984849023,0,POINT (86512.6875 445885.25),0.0
6645,-0.9651903534403908,-3.121368542622081,0,POINT (86355.13281 445813.0938),0.0
6646,-0.9638864543767888,-3.121935908589074,0,POINT (86552.36719 445715.6875),0.0
6647,-0.963693375682206,-3.124506149434614,0,POINT (86562.35938 445318.8125),0.0
6648,-0.9636287081929434,-3.125270363027447,0,POINT (86566.45313 445200.75),0.0
6649,-0.965016553798042,-3.122310315240564,0,POINT (86374.72656 445666.875),0.0
6650,-0.9656997955128892,-3.1225183260437457,0,POINT (86267.46875 445640.1875),0.0
6652,-0.9674382612711464,-3.1233466674782773,0,POINT (85992.24219 445526.2813),0.0
6653,-0.9676537827094492,-3.1228722378487968,0,POINT (85962.58594 445600.9375),0.0
6654,-0.9689401042613074,-3.1198164122923857,0,POINT (85787.32813 446081),0.0
6656,-0.9704710054795306,-3.121453884493014,0,POINT (85537.9375 445841.0313),0.0
6657,-0.9726621818354754,-3.122604298803956,0,POINT (85190.21094 445681.125),0.0
6658,-0.9688043099382893,-3.1237545845342263,0,POINT (85777.85156 445474.1563),0.0
6659,-0.968635517247694,-3.1235364001792365,0,POINT (85805.64063 445506.4063),0.0
6660,-0.9677189859577224,-3.12273332861919,0,POINT (85953.57813 445622.8125),0.0
6661,-0.9681763493063268,-3.126165616840588,0,POINT (85856.3 445098.38),0.0
6664,-0.9726326815686304,-3.125591717390874,0,POINT (85171.63281 445221.3438),0.0
6665,-0.9726829702802792,-3.1254642508048187,0,POINT (85164.84375 445241.3438),0.0
6666,-0.973665467440776,-3.1262942595281147,0,POINT (85006.48438 445121.3125),0.0
6667,-0.9734155125268852,-3.127237583995688,0,POINT (85037.82813 444974.25),0.0
6668,-0.9722207204395688,-3.126732636061041,0,POINT (85226.5 445042.625),0.0
6669,-0.9724218321166652,-3.1304234230632124,0,POINT (85166.8125 444476.4063),0.0
6673,-0.973819371792594,-3.1258835784470547,0,POINT (84985.86719 445185.6875),0.0
6674,-0.9747701335160088,-3.126633780778139,0,POINT (84833.03125 445077.6875),0.0
6675,-0.9749788562190032,-3.126557813299487,0,POINT (84801.34375 445091),0.0
6678,-0.978174821596226,-3.126626904511752,0,POINT (84306.59375 445105.2813),0.0
6680,-0.9750403761776898,-3.1201783618366377,0,POINT (84841.27344 446072.8125),0.0
6682,-0.9706228863840842,-3.1296387010943,0,POINT (85451.08594 444583.125),0.0
6683,-0.9693037028296864,-3.1326641907746744,0,POINT (85631.67188 444107.4063),0.0
6684,-0.9703131158675598,-3.133083508893217,0,POINT (85472.32031 444050.75),0.0
6686,-0.9758988124605756,-3.1259318065870123,0,POINT (84663.9375 445194.4688),0.0
6687,-0.9771171242424704,-3.1261227315404247,0,POINT (84474.0625 445174.5938),0.0
6690,-0.9766404616379976,-3.128179949819864,0,POINT (84531.82031 444854.4063),0.0
6693,-0.9769980478247048,-3.129066474136191,0,POINT (84469.64844 444720.8125),0.0
6695,-0.9777192540399468,-3.130911100223585,0,POINT (84343.8125 444442.6563),0.0
6699,-0.9768043756154996,-3.129846850000211,0,POINT (84493.54688 444599.25),0.0
6700,-0.9760307156451172,-3.1180591640546327,0,POINT (84704.57031 446406.5),0.0
6701,-0.9779061486774556,-3.115447584513032,0,POINT (84434.84375 446822.8125),0.0
6703,-0.964724916252814,-3.1125278110920727,0,POINT (86495.4375 447169.3125),0.0
6704,-0.9634909374385408,-3.1119723693597403,0,POINT (86690.51563 447245.1563),0.0
6708,-0.9787489042524145,-3.119364695156848,0,POINT (84274.15625 446226.875),0.0
6709,-0.9798021426472452,-3.1198294959039514,0,POINT (84107.69531 446163.5938),0.0
6711,-0.9792562217623112,-3.118133443436499,0,POINT (84205.26563 446420.2188),0.0
6712,-0.9805131090407416,-3.117833918727405,0,POINT (84013.25 446476.0938),0.0
6714,-0.9827273429806752,-3.118963290579222,0,POINT (83662.11719 446319.6563),0.0
6715,-0.9845791975780592,-3.119609886442871,0,POINT (83370.75781 446234.6563),0.0
6717,-0.9813164820825964,-3.116528680815635,0,POINT (83899.16406 446683.125),0.0
6718,-0.9819712215690518,-3.115578751652536,0,POINT (83805.30469 446834.3438),0.0
6719,-0.9796052994998616,-3.1148016886540373,0,POINT (84177.14063 446935.4063),0.0
6726,-0.9916530965456016,-3.1030539963044497,0,POINT (82405.80469 448836.25),0.0
6727,-0.9930873087853012,-3.1008794368054344,0,POINT (82201.01563 449181.875),0.0
6728,-0.9904783265613556,-3.1049238961275027,0,POINT (82572.86719 448539.5),0.0
6734,-0.9918507466949216,-3.115318514136798,0,POINT (82279.8125 446951.5625),0.0
6736,-0.9890128577101056,-3.112890713052812,0,POINT (82737.46875 447302.7813),0.0
6737,-0.9864580475392828,-3.11248620434116,0,POINT (83135.60938 447345.0313),0.0
6738,-0.9857238949256628,-3.1120657167407137,0,POINT (83252.38281 447403.9688),0.0
6739,-0.9869515539627324,-3.1126847893031173,0,POINT (83057.76563 447318.3438),0.0
6740,-0.9876405948526124,-3.1115701880232,0,POINT (82959.89844 447495.1563),0.0
6743,-0.9889169578474902,-3.109791129038139,0,POINT (82776.39844 447778.75),0.0
6745,-0.9896913141470984,-3.110271408373808,0,POINT (82652.94531 447710.9375),0.0
6746,-0.9893292531964304,-3.1069661615818016,0,POINT (82734.625 448216.4375),0.0
6749,-0.9873942946254736,-3.109079802176003,0,POINT (83017.33594 447876.25),0.0
6751,-0.9857461016450082,-3.108762209473746,0,POINT (83274.61719 447912.2188),0.0
6752,-0.985417778289754,-3.1095698808540435,0,POINT (83319.10156 447785.4375),0.0
6753,-0.9855961205881288,-3.109456007234403,0,POINT (83292.41406 447804.3438),0.0
6757,-0.9895222974164724,-3.1101977965195693,0,POINT (82679.64844 447720.9375),0.0
6758,-0.9880337137703372,-3.108166836448128,0,POINT (82925.57813 448021.6563),0.0
6759,-0.9863619383687164,-3.111387385498289,0,POINT (83159.00781 447513.2813),0.0
6760,-0.988407753445226,-3.1120145212103814,0,POINT (82837.83594 447432.8125),0.0
6761,-0.9848185506678204,-3.111307993755823,0,POINT (83398.24219 447513.4375),0.0
6762,-0.984000956788356,-3.110994015830277,0,POINT (83527.08594 447555.3438),0.0
6763,-0.9850148700010364,-3.1108603885843022,0,POINT (83371.36719 447583.8125),0.0
6764,-0.986108992719776,-3.1112654285237404,0,POINT (83199.0625 447530.0625),0.0
6765,-0.9838012920293682,-3.110999322856912,0,POINT (83557.91406 447552.9688),0.0
6766,-0.9836217257380946,-3.11111354210563,0,POINT (83584.78906 447534),0.0
6768,-0.9891444808403802,-3.1126919873236565,0,POINT (82718.66406 447334.375),0.0
6769,-0.987699468464548,-3.112892645446484,0,POINT (82940.51563 447292.2188),0.0
6770,-0.9846581538435438,-3.113820514324775,0,POINT (83403.52344 447125.75),0.0
6774,-0.9827513809507232,-3.1122996450697187,0,POINT (83710.14063 447344.7813),0.0
6775,-0.983825041691925,-3.1154958650432483,0,POINT (83519.32031 446861.5625),0.0
6778,-0.9840839747247632,-3.115965130003405,0,POINT (83475.64063 446791.4063),0.0
6781,-0.9846274260280934,-3.1162182389183166,0,POINT (83389.64844 446756.7188),0.0
6784,-0.9856866738936296,-3.1173599961785547,0,POINT (83217 446589.375),0.0
6785,-0.9857742973149954,-3.1172090220172723,0,POINT (83204.625 446613.2813),0.0
6786,-0.9875549321639842,-3.118511765926861,0,POINT (82919.17969 446426.8125),0.0
6787,-0.9876531919484036,-3.118361336502187,0,POINT (82905.15625 446450.7188),0.0
6788,-0.989159663362826,-3.119279398041394,0,POINT (82665.08594 446321.2813),0.0
6789,-0.9896197039182908,-3.119785699369391,0,POINT (82590.01563 446247),0.0
6790,-0.9897241639317034,-3.1196195407000564,0,POINT (82575.15625 446273.375),0.0
6794,-0.9891421148059498,-3.121644303007552,0,POINT (82649.40625 445957.375),0.0
6795,-0.991088631861856,-3.1202841772469414,0,POINT (82359.00781 446181.8125),0.0
6796,-0.9906006351137028,-3.120227263953684,0,POINT (82434.90625 446186.75),0.0
6797,-0.990666312200453,-3.118922033384432,0,POINT (82434.90625 446388.0313),0.0
6798,-0.9903809688959024,-3.119926590355877,0,POINT (82471.21094 446231.2813),0.0
6799,-0.9898563427809416,-3.118371112929517,0,POINT (82564.42969 446466.4375),0.0
6801,-0.9891192307574858,-3.117856203583456,0,POINT (82682.40625 446539.875),0.0
6802,-0.9907282009670526,-3.118646031947178,0,POINT (82427.48438 446430.9688),0.0
6806,-0.9864184326730236,-3.1225072664101967,0,POINT (83063.85156 445803.3438),0.0
6808,-0.9871512090508368,-3.120991361640749,0,POINT (82962.32813 446042.25),0.0
6810,-0.9858787386311324,-3.1232108001936925,0,POINT (83141.83594 445690.9063),0.0
6811,-0.983978747774614,-3.12287258107197,0,POINT (83438.25781 445728.0938),0.0
6815,-0.9856463307540072,-3.1243839733264567,0,POINT (83168.65625 445508.625),0.0
6816,-0.9841142777901524,-3.12565792611768,0,POINT (83395.66406 445300.6875),0.0
6817,-0.984793527051866,-3.125711707788103,0,POINT (83290.21094 445297.7188),0.0
6821,-0.9819466538686564,-3.125824198965935,0,POINT (83729.5625 445258.1875),0.0
6825,-0.9837156041287192,-3.1256116869679462,0,POINT (83457.67188 445304.6875),0.0
6826,-0.9840260252480244,-3.1274146914141654,0,POINT (83395.66406 445029.75),0.0
6827,-0.9834451775546514,-3.1274268524474524,0,POINT (83485.39063 445023.3438),0.0
6829,-0.9818766684476248,-3.126659628873273,0,POINT (83733.89844 445129.125),0.0
6831,-0.983913827002336,-3.1291362753612937,0,POINT (83399.64063 444764.0313),0.0
6832,-0.9830937290711882,-3.128870796364963,0,POINT (83528.52344 444798.4688),0.0
6842,-0.9816478368214896,-3.122291513921659,0,POINT (83803.19531 445799.2813),0.0
6845,-0.9796030753041,-3.1218129882139105,0,POINT (84123.08594 445856.9375),0.0
6846,-0.9792651606183044,-3.1235531239398604,0,POINT (84161.83594 445586.625),0.0
6847,-0.9810462008315858,-3.1241765077081665,0,POINT (83881.59375 445504.625),0.0
6848,-0.980601537228784,-3.1253815704814185,0,POINT (83941 445315.7813),0.0
6849,-0.9804401131611222,-3.1258034410667865,0,POINT (83962.6875 445249.625),0.0
6850,-0.9787143417673552,-3.1251243790090117,0,POINT (84234.82031 445340.625),0.0
6851,-0.9801559146602364,-3.1185782821107173,0,POINT (84062.70313 446358.8125),0.0
6852,-0.9770994870734266,-3.1145633310866887,0,POINT (84566.42188 446952.5313),0.0
6853,-0.978086149167964,-3.121497176644016,0,POINT (84360.09375 445893.6875),0.0
6855,-0.9872954864161372,-3.1249341657175345,0,POINT (82909.36719 445436.875),0.0
6856,-0.9869178835463802,-3.126186268116058,0,POINT (82958.02344 445241.3125),0.0
6857,-0.9777091403865514,-3.124619802322599,0,POINT (84394.17188 445410.4063),0.0
6863,-0.9800586780058084,-3.1298350839682745,0,POINT (83990.38281 444626.4375),0.0
6866,-0.9797515074502692,-3.1315719138146108,0,POINT (84024.40625 444356.8438),0.0
6867,-0.974251187230744,-3.1299887054242,0,POINT (84887.28125 444557.5313),0.0
6874,-0.9757824204079572,-3.133299228906601,0,POINT (84624.82031 444060.1563),0.0
6881,-0.9629107901017672,-3.127861722342061,0,POINT (86657.44531 444796.5313),0.0
6882,-0.9627774837457392,-3.127838131629234,0,POINT (86678.24219 444799.125),0.0
6883,-0.9610468303273376,-3.134551860444005,0,POINT (86894.01563 443752.8125),0.0
6884,-0.9609042798832096,-3.1345446664067302,0,POINT (86916.11719 443752.8125),0.0
6885,-0.9619417667386134,-3.130769996475192,0,POINT (86784.82813 444341.5938),0.0
6886,-0.9620989886294832,-3.130820387105792,0,POINT (86760.125 444335.0625),0.0
6887,-0.958965688564238,-3.1414295004631496,0,POINT (87162.77344 442678.4688),0.0
6888,-0.9591448823051516,-3.141295355288509,0,POINT (87136.09375 442700.5),0.0
6889,-0.9808625502723572,-3.12983299139748,0,POINT (83866.08594 444633.0313),0.0
6891,-0.9829701066131498,-3.131636056898204,0,POINT (83526.16406 444372.0938),0.0
6895,-0.9821696475741916,-3.1349408864906505,0,POINT (83624.28906 443857.4063),0.0
6896,-0.983045269260646,-3.1352603405445425,0,POINT (83486.39063 443815.0938),0.0
6897,-0.984635827631406,-3.1359288966578345,0,POINT (83235.21094 443724.6563),0.0
6898,-0.9849770940470344,-3.1345851260742723,0,POINT (83192.875 443934.0625),0.0
6901,-0.9851953791903962,-3.1320124726020766,0,POINT (83179.10938 444331.5625),0.0
6902,-0.9839030410869316,-3.131556451557616,0,POINT (83382.50781 444391.625),0.0
6906,-0.9867497211919724,-3.1334868837710745,0,POINT (82927.27344 444116.875),0.0
6908,-0.986195900373806,-3.1323310028610245,0,POINT (83021.90625 444290.375),0.0
6914,-0.9898327339431836,-3.132456077622061,0,POINT (82458.50781 444299.5625),0.0
6915,-0.9891948761146088,-3.13514388003536,0,POINT (82536.24219 443881.0625),0.0
6916,-0.9903876413088388,-3.1333634162561945,0,POINT (82365.63281 444164.3125),0.0
6917,-0.9906305097722272,-3.1325817464121166,0,POINT (82334.15625 444286.4688),0.0
6919,-0.9758523447471016,-3.1269725852633963,0,POINT (84663.05469 445034),0.0
6920,-0.9777179281931334,-3.1277616446991665,0,POINT (84368.44531 444927.1563),0.0
6921,-0.9805628996090698,-3.1295344227895567,0,POINT (83914.74219 444676.625),0.0
6922,-0.9839172467695652,-3.130665229195237,0,POINT (83387.23438 444528.8438),0.0
6926,-0.9914083420857794,-3.1329932235753253,0,POINT (82210.66406 444229.25),0.0
6930,-0.9871110626061445,-3.139270678251028,0,POINT (82826.42188 443229.8438),0.0
6931,-0.9869536794412616,-3.1391869244441253,0,POINT (82851.41406 443241.5),0.0
6934,-0.9926617015791288,-3.1292521289562627,0,POINT (82045.96094 444814.5938),0.0
6935,-0.9921507096531424,-3.1298237598035694,0,POINT (82120.53125 444722.6563),0.0
6936,-0.9935136376975908,-3.127503181491705,0,POINT (81927.83594 445090.3125),0.0
6937,-0.993802826339922,-3.1272292323021507,0,POINT (81885.25 445134.7188),0.0
6938,-0.9949383184264018,-3.125248058903601,0,POINT (81725.09375 445448.375),0.0
6939,-0.9948390121117506,-3.125179418726408,0,POINT (81740.98438 445458.1563),0.0
6940,-0.995909457650714,-3.1236670172175747,0,POINT (81587.24219 445699.1875),0.0
6941,-0.9959733067495056,-3.123265181973616,0,POINT (81580.5 445761.5),0.0
6942,-0.998777500573014,-3.118294059798051,0,POINT (81185.64844 446548.125),0.0
6943,-0.9989221029461396,-3.117428412939133,0,POINT (81170.03906 446682.4063),0.0
6944,-0.9990679015885184,-3.1108471672038926,0,POINT (81198.80469 447695.7813),0.0
6945,-0.9991148950625496,-3.111486552555357,0,POINT (81186.55469 447597.8125),0.0
6946,-0.9954630223307264,-3.100833302232945,0,POINT (81834.125 449207.5625),0.0
6947,-0.995423337113629,-3.1010733099908165,0,POINT (81838.39063 449170.3438),0.0
6948,-0.9931686227183546,-3.0964066265393666,0,POINT (82223.25781 449870.3125),0.0
6949,-0.9948300380748348,-3.0980868941968764,0,POINT (81953.35938 449624.9375),0.0
6950,-0.9939908009201004,-3.099434004699728,0,POINT (82072.60156 449411.2188),0.0
6951,-0.9970334909958538,-3.104993097334849,0,POINT (81558.94531 448580.1563),0.0
6952,-0.9969307009690836,-3.105081336039967,0,POINT (81574.14844 448565.7813),0.0
6953,-0.9969930484085892,-3.123134675925073,0,POINT (81423.83594 445789.5625),0.0
6954,-0.994761194814528,-3.1219849561064907,0,POINT (81777.89844 445948.9375),0.0
6955,-0.9951374284796032,-3.122945323933694,0,POINT (81712.24219 445804.1563),0.0
6956,-0.9963616071480826,-3.1246875079101004,0,POINT (81509.375 445545.75),0.0
6957,-0.9960592702765813,-3.12442589669704,0,POINT (81558.16406 445583.625),0.0
6958,-0.9950870590895564,-3.1235069162510327,0,POINT (81715.65625 445717.375),0.0
6959,-0.9979382720115282,-3.1079276629553427,0,POINT (81396.20313 448135.9375),0.0
6960,-0.9978448718908662,-3.107319412016308,0,POINT (81415.38281 448228.75),0.0
6961,-0.9904857606172172,-3.0927146333745,0,POINT (82666.67969 450417.0313),0.0
6962,-0.9902965073908212,-3.0927521618178955,0,POINT (82695.64063 450409.7813),0.0
6963,-0.9911090197348276,-3.134190854897275,0,POINT (82247.63281 444042.6563),0.0
6967,-0.9815721325698356,-3.128492949605546,0,POINT (83766.75781 444844.7188),0.0
6971,-0.9790200817679922,-3.1287740648099955,0,POINT (84159.22656 444781.5625),0.0
6973,-0.9758309892148982,-3.127123452170985,0,POINT (84665.1875 445010.625),0.0
6975,-0.9775793026198304,-3.128109094933955,0,POINT (84387.1875 444872.625),0.0
6976,-0.9789655918065489,-3.1289025278487146,0,POINT (84166.65625 444761.375),0.0
6977,-0.9801135753733016,-3.129359285303663,0,POINT (83985.58594 444700.0625),0.0
6978,-0.9815765722995776,-3.0922605237417384,0,POINT (84047.29688 450417.2813),0.0
6979,-0.984945473375673,-3.0933405776246885,0,POINT (83518.17969 450277.5),0.0
6980,-0.9702200504524894,-3.141763610007108,0,POINT (85419.50781 442714.5313),0.0
6981,-0.9989704554930832,-3.1236530863901333,0,POINT (81114.03125 445725.3125),0.0
6982,-0.9978524985786928,-3.11017954250286,0,POINT (81391.91406 447788.9375),0.0
6983,-0.999504475911669,-3.1093977111690108,0,POINT (81142.60938 447922.125),0.0
6984,-1.0014509970930512,-3.1083344601806475,0,POINT (80849.96875 448100.9063),0.0
6985,-0.9987468423938236,-3.110360630919879,0,POINT (81252.23438 447768.0938),0.0
6986,-0.9979482270710338,-3.1105119592846058,0,POINT (81374.52344 447738.5625),0.0
6987,-0.9754784722932652,-3.1066486137216875,0,POINT (84878.39063 448157.1875),0.0
6988,-0.970741913998517,-3.113422834612256,0,POINT (85558.21875 447078.4375),0.0
6990,-0.9693070636173728,-3.130948758328383,0,POINT (85644.42969 444371.3438),0.0
6991,-0.9675668234945578,-3.1303848372202983,0,POINT (85917.91406 444444.5625),0.0
6992,-0.9655191975241728,-3.1294613149301367,0,POINT (86241.71094 444570.7188),0.0
6993,-0.9955801647729556,-3.096846800638443,0,POINT (81847.0625 449821.5),0.0
6996,-0.9787047802736084,-3.113516253156454,0,POINT (84326.34375 447126.0938),0.0
7014,-0.9796847074392578,-3.09628182475505,0,POINT (84308.53125 449784.1875),0.0
7015,-0.9798648740837756,-3.0957613538266653,0,POINT (84284.71875 449865.625),0.0
7016,-0.9770323376847372,-3.1000065222646778,0,POINT (84689.65625 449190.75),0.0
7017,-0.9763118969112978,-3.1008474941624917,0,POINT (84794.50781 449055.8125),0.0
7018,-0.9720527712634806,-3.107106493840601,0,POINT (85404.45313 448060.0938),0.0
7019,-0.9719587606782492,-3.107052360145379,0,POINT (85419.40625 448067.6875),0.0
7020,-0.9680556732884076,-3.1127912243211937,0,POINT (85978.42969 447154.6875),0.0
7021,-0.967538271952611,-3.1132886554385397,0,POINT (86054.57813 447074.1563),0.0
7022,-0.9660303005779308,-3.116815287020032,0,POINT (86260.46094 446520),0.0
7023,-0.9658951876447096,-3.116771889559033,0,POINT (86281.6875 446525.625),0.0
7024,-0.9633478774686662,-3.1263395362798283,0,POINT (86601.61719 445034.0938),0.0
7025,-0.9634283960429952,-3.125531036537278,0,POINT (86595.41406 445159.0938),0.0
7026,-0.9927024151294191,-3.09569010432276,0,POINT (82300.89844 449976.8438),0.0
7027,-0.9926318649111694,-3.095908846944499,0,POINT (82310.10156 449942.6563),0.0
7028,-0.9957950004190226,-3.1020552570862407,0,POINT (81773.28906 449022.25),0.0
7029,-0.9958869468674282,-3.101885379215405,0,POINT (81760.39844 449049.0938),0.0
7030,-0.9974783085024412,-3.10630852172604,0,POINT (81479.92969 448381.3438),0.0
7031,-0.9984048650899804,-3.109285602251505,0,POINT (81313.48438 447930.75),0.0
7032,-0.9995989162499328,-3.1141312522048734,0,POINT (81091.10156 447194.8438),0.0
7033,-0.9993008466617328,-3.1157904396971245,0,POINT (81124.25 446937.3125),0.0
7034,-0.9964712550610516,-3.122709109774048,0,POINT (81507.83594 445850.9375),0.0
7035,-0.9964794811723696,-3.122335316886663,0,POINT (81509.47656 445908.5),0.0
7036,-0.9944471190831148,-3.126094961759656,0,POINT (81794.45313 445314.25),0.0
7037,-0.994336077189991,-3.126081793757585,0,POINT (81811.72656 445315.4063),0.0
7038,-0.990930582353128,-3.1323810806065597,0,POINT (82289.3125 444319.6875),0.0
7039,-0.992700674005084,-3.128903497807475,0,POINT (82042.64844 444868.5313),0.0
7040,-0.9880526872602554,-3.137602237853921,0,POINT (82693.76563 443493.9063),0.0
7041,-0.9886633439305154,-3.136069895926575,0,POINT (82611.24219 443734.4375),0.0
7042,-0.9699947203503588,-3.1100211629122225,0,POINT (85700.07031 447595.8125),0.0
7043,-0.9698972305064107,-3.109945725702767,0,POINT (85715.72656 447606.6563),0.0
7044,-0.9646111726137224,-3.1214831170199,0,POINT (86443.80469 445790.9688),0.0
7045,-0.9645096701110476,-3.1214477202172253,0,POINT (86459.77344 445795.625),0.0
7046,-0.9601035490612436,-3.1373803473522925,0,POINT (87018.05469 443310.3125),0.0
7047,-0.9602343289575942,-3.1374137564513327,0,POINT (86997.57031 443306.1875),0.0
7048,-0.991888203798144,-3.130641832926493,0,POINT (82154.75781 444594.75),0.0
7049,-0.9871076994988024,-3.125545035044216,0,POINT (82933.65625 445341.4375),0.0
7052,-0.9707191802911516,-3.1274328517940564,0,POINT (85453.27344 444923.2188),0.0
7055,-0.972574211965923,-3.1133060802142536,0,POINT (85275.82813 447110.6563),0.0
7056,-0.9794894427751244,-3.103168659776939,0,POINT (84285.29688 448723.625),0.0
7057,-0.9787210736774212,-3.1025977079297684,0,POINT (84408.50781 448805.4375),0.0
7059,-0.9833088274892736,-3.1157264741881905,0,POINT (83597.34375 446822.0625),0.0
7061,-0.9816521611011308,-3.113814855043152,0,POINT (83868.32813 447103.1563),0.0
7063,-0.9800444320224284,-3.1124388559319374,0,POINT (84127.57813 447302.25),0.0
7064,-0.9825944048850496,-3.114607505977115,0,POINT (83716.49219 446988.5938),0.0
7065,-0.9921455228248718,-3.124913572706621,0,POINT (82159.55469 445477.9688),0.0
7066,-0.9941684225115835,-3.1306564777116184,0,POINT (81802.02344 444610.3438),0.0
7069,-0.9792053455993588,-3.1337125819899923,0,POINT (84092.25781 444023.25),0.0
7070,-0.9841208309905332,-3.12426934376268,0,POINT (83405.4375 445514.3438),0.0
7071,-0.9843313176372596,-3.1208810697249043,0,POINT (83399.21094 446037.1875),0.0
7072,-0.983962217654952,-3.122217994200546,0,POINT (83445.89844 445828.6563),0.0
7074,-0.9821668815591678,-3.130086244311653,0,POINT (83662.41406 444604.25),0.0
7076,-0.9852062505395704,-3.118165536523211,0,POINT (83285.02344 446461.7188),0.0
7077,-0.9836043530805284,-3.113039843588549,0,POINT (83572.51563 447237.5938),0.0
7078,-0.9871729576788012,-3.131693248152723,0,POINT (82875.76563 444396.125),0.0
7079,-0.987547321033375,-3.1299023686109053,0,POINT (82831.79688 444674.5625),0.0
7080,-0.9857856222484692,-3.1147959172352206,0,POINT (83221.625 446984.5313),0.0
7081,-0.978545738599118,-3.1051136320245507,0,POINT (84416.10156 448417.1563),0.0
7082,-0.987967575932279,-3.1319184502446284,0,POINT (82751.13 444367.69),0.0
7083,-0.98461612782029,-3.093280363851943,0,POINT (83569.55469 450284.1875),0.0
7084,-0.9842772056014086,-3.0957106654465822,0,POINT (83603.07031 449907.8438),0.0
7094,-0.968515750237773,-3.125343221227773,0,POINT (85810.17969 445227.5313),0.0
7095,-0.9870390581434286,-3.132811160489993,0,POINT (82887.78125 444223.0938),0.0
7096,-0.9872381342311612,-3.1227867980217088,0,POINT (82934.92969 445766.75),0.0
7097,-0.9775802230653832,-3.121284021938756,0,POINT (84439.97656 445922.5313),0.0
7098,-0.9782496744689791,-3.123138411577419,0,POINT (84322.07813 445642.5),0.0
7113,-0.9766743773822189,-3.097037038414866,0,POINT (84768.00781 449644.5938),0.0
10000,-0.966900445287728,-3.124519271747861,0,POINT (86066.33594 445341.7188),0.0
10001,-0.9664711257799188,-3.1273190122871286,0,POINT (86111.07031 444907.6875),0.0
10002,-0.9657927473704172,-3.126977172526218,0,POINT (86218.61768 444955.0012),0.0
10003,-0.9671773509818418,-3.12391747995514,0,POINT (86028.17188 445436.4453),0.0
10004,-0.9779666238658428,-3.098912272058309,0,POINT (84553.71387 449366.3018),0.0
10005,-0.9706390807781738,-3.1085883662263853,0,POINT (85611.53906 447821.1875),0.0
10006,-0.969648308558726,-3.1110784880323616,0,POINT (85745.44531 447430.5),0.0
10007,-0.991471946229908,-3.1308983434488837,0,POINT (82217.13281 444552.0313),0.0
10008,-0.9952650190868528,-3.0997687331830304,0,POINT (81873.02344 449369.7188),0.0
10009,-0.9935603174121704,-3.097901154544588,0,POINT (82151.07813 449643.5625),0.0
10010,-0.9998420814532908,-3.1113185941849566,0,POINT (81075.4375 447629.3438),0.0
